{
  "functions": [
    {
      "source": "functions",
      "codebase": "default",
      "ignore": [
        "node_modules",
        ".git",
        "firebase-debug.log",
        "firebase-debug.*.log"
      ],
      "predeploy": [
        "npm --prefix \"$RESOURCE_DIR\" run lint",
        "npm --prefix \"$RESOURCE_DIR\" run build"
      ]
    }
  ],
  "emulators": {
    "functions": {
      "port": 5001
    },
    "ui": {
      "enabled": true
    },
    "singleProjectMode": true
  },
  "dataconnect": {
    "source": "dataconnect"
  }
}
